编号,签订时间,名称,签订对象
1,1689-9-7,尼布楚界约,俄国
2,1727-9-1,布连斯奇界约,俄国
3,1727-10-21,恰克图界约,俄国
4,1727-10-24,阿巴哈依图界约,俄国
5,1727-11-8,色楞额界约,俄国
6,1768-10-30,修改恰克图界约第十条,俄国
7,1792-2-20,恰克图市约,俄国
8,1842-8-29,江宁条约（南京条约）,英国
9,1843-6-26,过境税声明,英国
10,1843-10-8,五口通商附粘善后条款,英国
11,1843-10-8,五口通商章程：海关税则,英国
12,1844-7-3,五口贸易章程：海关税则,美国
13,1844-10-24,五口贸易章程：海关税则,法国
14,1845-11-29,上海租地章程,英国
15,1846-4-4,英军退还舟山条约,英国
16,1847-3-20,五口通商章程：海关税则,瑞典、挪威
17,1851-8-6,伊犁塔尔巴哈台通商章程,俄国
18,1854-7-5,上海英法美租界租地章程,各国
19,1856-3-24,藏尼条约,尼泊尔
20,1858-5-28,瑷珲城和约,俄国
21,1858-6-13,天津条约,俄国
22,1858-6-18,天津条约,美国
23,1858-6-26,天津条约,英国
24,1858-6-27,天津条约,法国
25,1858-6-27,和约章程补遗,法国
26,1858-10-16,塔尔巴哈台议定赔偿条约,俄国
27,1858-11-8,通商章程善后条约：海关税则,英国
28,1858-11-24,通商章程善后条约：海关税则,法国
29,1858-11-8,通商章程善后条约：海关税则,美国
30,1858-11-8,赔偿美商民损失专约,美国
31,1859-4-1,黑龙江通商条规,俄国
32,1860-10-24,续增条约（北京条约）,英国
33,1860-10-25,续增条约（北京条约）,法国
34,1860-11-14,北京续增条约,俄国
35,1861-3-25,长江各口通商暂订章程,英国
36,1861-3-25,九江租地约,英国
37,1861-6-2,天津紫竹林法国租地条款,法国
38,1861-6-28,勘分东界约记,俄国
39,1861-9-2,通商条约,德国
40,1861-9-2,通商章程善后条约：海关税则,德国
41,1861-10-9,长江各口通商暂行章程,各国
42,1861-10-9,通商各口通共章程,各国
43,1862-3-4,陆路通商章程：续增税则,俄国
44,1862-3-4,陆路章程详细办法,俄国
45,1862-8-13,和好贸易条约,葡萄牙
46,1862-11-20,长江收税章程,各国
47,1863-7-13,天津条约,丹麦
48,1863-7-13,通商章程：海关税则,丹麦
49,1863-8-26,通商条约,比利时
50,1863-10-6,天津条约,荷兰
51,1864-3-8,陆路俄商三联单章程,俄国
52,1864-10-7,勘分西北界约记,俄国
53,1864-10-10,和好贸易条约,西班牙
54,1865-2-20,法国教堂入内地买地照会,法国
55,1865-9-1,更定法国商船完纳船钞章程,法国
56,1865-10-27,上海海关扣留案件条款,英国
57,1865-11-2,通商条约,比利时
58,1865-11-2,通商章程：海关税则,比利时
59,1866-2-8,出口土货拆动改装章程,各国
60,1866-3-5,续定招工章程条约,英法
61,1866-10-26,通商条约,意大利
62,1866-10-26,通商章程：海关税则,意大利
63,1867-4-27,客船行李免税货物拖带轮船三项章程,各国
64,1868-5-31,会讯船货入官章程,各国
65,1868-7-28,续增条约,美国
66,1868-9-2,漏报捏报罚办声明,德国
67,1868-11-3,各海口引水总章,各国
68,1868-11-16,茶末减税章程,各国
69,1868-12-28,上海洋泾浜设官会审章程,各国
70,1869-4-27,改订陆路通商章程,俄国
71,1869-5-12,钟表减税并严防偷漏章程,各国
72,1869-8-13,科布多界约,俄国
73,1869-9-2,通商条约,奥地利
74,1869-9-2,通商章程：海关税则,奥地利
75,1869-9-4,乌里雅苏台界约,俄国
76,1869-9-24,上海洋泾浜北首租界章程,各国
77,1869-10-23,新定条约,英国
78,1869-10-23,新修条约善后章程：新修税则,英国
79,1869-1-1,酬赏失事洋船章程,英国
80,1870-8-12,塔尔巴哈台界约,俄国
81,1870-1-1,洋商躲避收口船钞分别征免章程,各国
82,1871-9-13,修好条规,日本
83,1871-9-13,通商章程：海关税则,日本
84,1873-5-1,吨数章程,西班牙
85,1873-10-22,古巴华工条款,西班牙
86,1874-6-26,会议专条,秘鲁
87,1874-6-26,通商条约,秘鲁
88,1874-10-31,北京专条,日本
89,1874-1-1,轮船往来港澳章程,英国
90,1876-9-13,烟台条约,英国
91,1876-10-24,收买吴淞铁路条款,英国
92,1877-11-17,会订古巴华工条款,西班牙
93,1879-2-1,檀香山商董与官员酌议事宜,夏威夷
94,1879-10-2,伊犁条约,俄国
95,1879-10-2,陆路通商章程,俄国
96,1880-1-8,内港江河行船免碰及救护专章,各国
97,1880-3-31,续修条约,德国
98,1880-3-31,续修条约善后章程,德国
99,1880-11-13,中外往来仪式节略,各国
100,1880-11-17,续修条约,美国
101,1880-11-17,续约附款,美国
102,1881-2-24,改订条约,俄国
103,1881-2-24,改订陆路通商章程,俄国
104,1881-2-26,彼此收递电报办法合同,丹麦
105,1881-8-1,德商船厂修船免税新章,德国
106,1881-10-3,和好通商条约,巴西
107,1882-4-19,议定天津码头捐节略,各国
108,1882-7-5,粤海关洋货三联单试办章程,德国
109,1882-7-5,粤海关洋货税单试办章程,德国
110,1882-10-1,商民水陆贸易章程,朝鲜
111,1882-10-29,伊犁界约,俄国
112,1882-12-7,喀什噶尔界约,俄国
113,1882-1-1,各项船钞分别征免章程,各国
114,1883-3-31,上海至香港电报办法合同,英国
115,1883-3-1,奉天与朝鲜边民交易章程,朝鲜
116,1883-4-4,议定俄属商人贸易地址条约,俄国
117,1883-4-4,议定两属缠头商民事宜条约,俄国
118,1883-5-7,续订上海香港电报章程,英国
119,1883-5-7,九龙香港陆路接线合同,英国
120,1883-5-19,收售上海吴淞旱线合同,丹麦
121,1883-8-12,科塔界约,俄国
122,1883-9-4,科布多新界牌鄂博记,俄国
123,1883-9-13,塔尔巴哈台北段牌鄂博记,俄国
124,1883-9-1,吉林朝鲜商民贸易地方章程,朝鲜
125,1883-10-3,塔尔巴哈台西南界约,俄国
126,1883-11-19,原议福州电线合同,英国
127,1884-5-11,中法简明条款,法国
128,1884-6-3,续勘喀什噶尔界约,俄国
129,1884-10-17,福州电线合同,英国
130,1884-12-1,塔城哈萨克归附条约,俄国
131,1885-4-4,停战条件,法国
132,1885-4-18,天津会议专条,日本
133,1885-6-9,越南条款,法国
134,1885-7-17,代办朝鲜陆路电线合同,朝鲜
135,1885-7-18,烟台条约续增专条,英国
136,1886-3-25,桂越边界勘界节录,法国
137,1886-4-25,越南边界通商章程,法国
138,1886-5-29,移让北堂改建合同,法国
139,1886-7-24,缅甸条款,英国
140,1886-8-1,勘界办法节录,法国
141,1886-9-11,香港鸦片贸易协定,英国
142,1886-10-12,珲春东界约,俄国
143,1886-10-19,滇越边界勘界节略,法国
144,1886-1-1,釜山电线条约,朝鲜
145,1887-3-26,会议草约,葡萄牙
146,1887-3-29,粤越边界勘界节录,法国
147,1887-6-23,续议商务专条来往照会,法国
148,1887-6-26,续议界务专条,法国
149,1887-6-26,续议商务专条,法国
150,1887-7-7,会订电报根本合同,英丹
151,1887-8-10,电报齐价摊分详细合同,英丹
152,1887-12-1,和好通商条约,葡萄牙
153,1887-12-1,会议专约,葡萄牙
154,1887-12-1,洋药征收税厘善后条款,葡萄牙
155,1888-3-13,限禁华工条约,美国
156,1888-5-1,中德人民互相嫁娶章程,德国
157,1888-9-29,意国教士护照来往照会,意大利
158,1888-11-26,德国教士护照来往照会,德国
159,1888-12-1,滇越边界联接电线章程,法国
160,1901/9/7,辛丑各国和约,各国
161,1861-11-10,镇江英国租界章程,英国
162,1861-11-20,汉口英国租界章程,英国
163,1862-5-1,上海法租界管理章程,法国
164,1863-1-15,九江英国租地章程,英国
165,1864-5-13,江汉关征税通则,各国
166,1865-3-3,粤海关管理通商章程,各国
167,1866-4-10,天津英法美租界扩展协议,各国
168,1866-8-20,厦门海关验货章程,各国
169,1867-2-15,福州船政局聘雇洋员合同,法国
170,1868-5-12,中美天津条约续增条款（蒲安臣条约）,美国
171,1868-9-1,中英修约草案（阿礼国协定）,英国
172,1869-3-20,琼州海关开关章程,各国
173,1870-6-24,天津教案赔偿恤银专约,法国
174,1870-10-15,大沽口炮台交还协议,英法
175,1871-6-1,中俄陆路电线连接条约,俄国
176,1871-8-20,闽海关茶税征收细则,各国
177,1872-3-15,上海公共租界工部局巡捕章程,各国
178,1873-4-10,日本遣使来华交涉台湾事件换文,日本
179,1874-5-20,台湾牡丹社事件赔款条约,日本
180,1874-12-1,福州至厦门电报线铺设合同,大北电报公司
181,1875-3-10,马嘉理事件善后交涉照会,英国
182,1876-2-20,中日朝鲜江华条约事宜照会,日本
183,1876-10-1,烟台条约附件：宜昌开埠章程,英国
184,1877-3-5,芜湖海关开关章程,英国
185,1877-6-15,温州开埠及海关税务细则,英国
186,1878-4-10,中法越南交涉前期换文,法国
187,1878-9-20,北洋机器局购买洋枪合同,德国
188,1879-5-15,中俄交收伊犁界务草约（里瓦几亚条约）,俄国
189,1880-2-10,中美限禁华工续约条款,美国
190,1880-6-20,中德条约附件：船只免税及领事管辖,德国
191,1881-3-15,伊犁条约附件：特克斯河勘界记,俄国
192,1881-8-20,开平矿务局雇请洋矿师合同,英国
193,1882-5-22,中美华工条约执行细则,美国
194,1882-9-1,中朝商民水陆贸易章程附件,朝鲜
195,1883-2-15,中法天津协定（李布协定）,法国
196,1883-8-25,顺化条约相关交涉照会,法国
197,1884-2-10,中俄西北边界勘界鄂博记,俄国
198,1884-5-11,中法简明条约附件：谅山撤兵条款,法国
199,1884-12-20,中日朝鲜事变会议专条（甲申政变）,日本
200,1885-3-15,中法停战条件细节换文,法国
201,1885-6-9,中法新约附件：边界通商及铁路条款,法国
202,1885-10-20,中英洋药（鸦片）厘金征收专条,英国
203,1886-4-15,中越边界勘界第一段界碑记,法国
204,1886-5-10,中英缅甸条约附件：滇缅通商草案,英国
205,1886-8-20,中法越南边界通商章程续约,法国
206,1887-2-10,澳门地位及界务交涉草案,葡萄牙
207,1887-5-15,北洋海军向英德订购舰艇合同,英德
208,1887-9-20,中法界务专条附件：东段界桩记,法国
209,1888-4-15,中美关于华工被华限制赔偿照会,美国
210,1888-10-10,藏印边界交涉前期换文,英国
211,1889-3-20,中法滇越边界勘界最终议定书,法国
212,1889-8-15,中俄伊犁西南边界勘界记,俄国
213,1890-3-17,中英藏印条约附件：亚东开埠条款,英国
214,1890-6-10,中俄松花江航行通商章程,俄国
215,1891-5-20,长江流域教案赔偿及保护教士专条,各国
216,1891-9-15,中法广东越南第一段勘界记,法国
217,1892-4-10,中英滇缅边界北段勘界照会,英国
218,1892-10-20,中德胶州湾勘测水道换文,德国
219,1893-3-15,中英藏印通商章程及关税细则,英国
220,1893-8-20,中俄帕米尔交涉防营驻扎换文,俄国
221,1894-2-10,中英滇缅边界商务新约,英国
222,1894-6-15,中法广东越南第二段勘界记,法国
223,1894-8-1,中日甲午战争交涉破裂及撤使照会,日本
224,1894-11-20,上海公共租界界外筑路协议,各国
225,1895-3-30,中日停战条约附件：奉天驻军界线,日本
226,1895-4-17,马关条约附件一：赔款交付细则,日本
227,1895-4-17,马关条约附件二：台湾交接专条,日本
228,1895-5-20,俄法德干涉还辽交涉照会,俄法德
229,1895-7-6,中俄四厘借款合同附件：银行担保书,俄国
230,1895-11-8,中日辽南条约附件：撤兵及交接细则,日本
231,1895-12-20,中英平息教案及增开通商口岸换文,英国
232,1896-3-23,中英德洋款借款合同及税关抵押条款,英德
233,1896-5-15,中法续议商务专条附章：西南铁路权,法国
234,1896-6-3,中俄密约（防御同盟条约）附件,俄国
235,1896-9-8,中俄合办东清铁路公司合同,俄国
236,1896-10-15,中日通商行船条约附件：领事裁判权,日本
237,1897-2-4,中英续议缅甸条约附款：野人山勘界,英国
238,1897-4-10,芦汉铁路借款合同附件：比国公司承建条款,比利时
239,1897-6-12,中法滇越界约附件：老街至蒙自铁路线,法国
240,1897-9-15,中俄东清铁路沿线购地及驻警章程,俄国
241,1897-11-20,德国占领胶州湾交涉赔偿照会,德国
242,1898-3-6,中德胶澳租界条约附件：山东路矿权,德国
243,1898-3-27,中俄旅大租地条约附件：旅顺驻军权,俄国
244,1898-4-10,中法广州湾租界交涉照会,法国
245,1898-4-14,美商合兴公司粤汉铁路借款草合同,美国
246,1898-5-7,中俄续订旅大租地条约：界线及中立区,俄国
247,1898-6-9,中英展拓香港界址专条附件：九龙城管辖,英国
248,1898-6-26,芦汉铁路比国借款详细合同及行车合同,比利时
249,1898-7-1,中英订租威海卫专条附件：水师停泊权,英国
250,1898-8-22,德国胶澳租地合同边界定标记,德国
251,1898-9-15,津镇铁路借款及承造草合同,英德
252,1898-10-10,中英关内外铁路（京奉铁路）借款合同,英国
253,1898-11-20,中日福建省不割让换文,日本
254,1899-2-26,中俄勘分旅大租界专条定界碑记,俄国
255,1899-4-17,德国青岛设关征税办法及自由港章程,德国
256,1899-4-28,中日福州口专管租界条款,日本
257,1899-5-18,中英德津镇铁路草合同附件,英德
258,1899-6-10,中美关于“门户开放”政策交涉照会,美国
259,1899-9-11,中朝通商条约及海关税则,朝鲜
260,1899-10-25,中日厦门专管租界条款,日本
261,1899-11-16,中法广州湾租界条约附件：界线及驻军,法国
262,1899-12-14,中墨通商条约及保护华侨专款,墨西哥
263,1900/1/15,上海公共租界扩展界址协定,各国
264,1900/2/20,中法互寄邮件暂行章程及运费细则,法国
265,1900/3/21,中德山东胶济铁路章程及矿务公司合同,德国
266,1900/5/10,八国联军入京前期交涉照会,各国
267,1900/6/15,大沽炮台交战及照会,各国
268,1900/7/13,中美粤汉铁路借款续约及修改条款,美国
269,1900/7/30,中英出卖开平矿务局合同（欺诈案原件）,英国
270,1900/8/20,东南互保章程及相关照会,各国
271,1900/9/15,俄军强占东三省及黑龙江交涉照会,俄国
272,1900/10/26,中英丹沪沽水线合同及京津旱线借款,英丹
273,1900/11/8,中俄奉天交地暂且章程（阿列克谢耶夫协定）,俄国
274,1900/12/22,辛丑议和大纲十二条换文,各国
275,1900/12/30,俄国天津租界条款及划界图,俄国
276,1901/1/15,中俄交收东三省密约（未遂稿）,俄国
277,1901/2/19,中英移交开平矿务局合同及副约,英国
278,1901/3/15,中俄吉林开办金矿条约,俄国
279,1901/4/10,比利时天津租界划界条款,比利时
280,1901/5/30,北京各国使馆界址专章及四至界碑图,各国
281,1901/5/31,中英香港新界水面及岛屿划界照会,英国
282,1901/6/15,中日天津租界扩展及管理章程,日本
283,1901/7/14,中俄改订吉林开采煤矿合同,俄国
284,1901/7/18,中俄修改吉林铁路交涉总局章程,俄国
285,1901/7/23,中俄黑龙江省采勘矿苗草约,俄国
286,1901/8/1,辛丑和约附件一：光绪帝惩办祸首上谕,各国
287,1901/8/2,辛丑和约附件二：停止科举及惩处地方官上谕,各国
288,1901/8/3,辛丑和约附件三：那桐赴日道歉专使照会,日本
289,1901/8/4,辛丑和约附件四：醇亲王赴德道歉换文,德国
290,1901/8/5,辛丑和约附件五：大沽炮台拆除清单,各国
291,1901/8/6,辛丑和约附件六：各国驻军要塞地点清单,各国
292,1901/8/7,辛丑和约附件七：北京使馆区管理及驻军章程,各国
293,1901/8/8,辛丑和约附件八：改总理衙门为外务部照会,各国
294,1901/8/9,辛丑和约附件九：赔款四亿五千万两摊派细则,各国
295,1901/8/10,辛丑和约附件十：海关常关盐政抵押条款,各国
296,1901/8/11,辛丑和约附件十一：还本付息时间表,各国
297,1901/8/12,辛丑和约附件十二：修改通商行船条约声明,各国
298,1901/8/13,辛丑和约附件十三：浚浦局设立及疏浚黄浦江章程,各国
299,1901/8/14,辛丑和约附件十四：海河工程局管理章程,各国
300,1901/8/15,辛丑和约附件十五：禁止军火进口两年上谕,各国
301,1901/8/16,辛丑和约附件十六：各国公使觐见礼节草案,各国
302,1901/8/17,辛丑和约附件十七：外务部班次优先于六部上谕,各国
303,1901/8/18,辛丑和约附件十八：地方官保护外人责任上谕,各国
304,1901/8/19,辛丑和约附件十九：各省设立通商公所章程,各国
305,1901/8/20,辛丑和约附件二十：教案善后及恤银赔付清单,各国
306,1901/8/21,辛丑和约附件二十一：各省教案惩凶名单,各国
307,1901/8/22,奥匈帝国天津租界划界章程,奥匈帝国
308,1901/8/25,意大利天津租界划界及管理章程,意大利
309,1901/8/28,中英西藏及锡金边界通商筹备换文,英国
310,1901/8/30,中美关于退还部分庚子赔款先期探讨照会,美国
311,1901/9/1,大清银行与汇丰等外商银行庚款支付合同,各国
312,1901/9/5,中俄交收满洲交涉第一次会议照会,俄国
313,1901/9/6,辛丑和约签署前夕中外全权代表换文,各国
314,1901/9/24,重庆日本商民专管租界约书,日本
315,1901/10/11,安徽宣城煤矿公司合同,日本
316,1901/11/29,滇缅铁路彼此相接来往照会,英国
317,1901/1/1,厦门鼓浪屿公地章程,各国
318,1901/1/1,南京租界租地章程,各国
319,1901/1/1,招工合同,法国
320,1902/1/10,厦门鼓浪屿续订公地章程,各国
321,1902/1/10,厦门鼓浪屿租界中田地章程,各国
322,1902/1/14,黑龙江省铁路交涉总局章程,俄国
323,1902/1/14,黑龙江开挖煤矿合同,俄国
324,1902/1/1,俄人租拉哈苏苏荒地草约,俄国
325,1902/2/4,华俄合办新旧矿务章程,俄国
326,1902/2/6,天津比国租界合同,比利时
327,1902/3/1,直隶顺德内邱临城矿务合同,比利时
328,1902/4/8,交收东三省条约,俄国
329,1902/4/20,奉天省铁路交涉总局章程,俄国
330,1902/4/29,交还关内外铁路章程,英国
331,1902/4/29,关内外路交还以后章程,英国
332,1902/4/29,山海关至北京铁路上军事运输章程,英国
333,1902/6/10,上海租界权限章程,各国
334,1902/6/21,云南隆兴公司承办七属矿务章程,法英
335,1902/7/11,东省铁路公司接修吉长铁路合同,俄国
336,1902/7/18,交还天津来往照会,各国
337,1902/8/3,芜湖租界租地章程,英国
338,1902/8/7,江西萍乡煤矿商借礼和洋款合同,德国
339,1902/8/7,江西萍乡煤矿德借礼和洋款合同,德国
340,1902/8/29,续修增改各国通商进口税则善后章程,各国
341,1902/9/5,续议通商行船条约,英国
342,1902/9/22,交还关外路条约,俄国
343,1902/9/29,巴县油矿章程,法国
344,1902/10/15,正太铁路借款详细合同,俄国
345,1902/10/15,正太铁路行车详细合同,俄国
346,1902/10/15,增改条款,葡萄牙
347,1902/10/15,关于广澳铁路来往照会,葡萄牙
348,1902/10/22,修订沽津京旱线合同,丹麦
349,1902/10/22,福建建邵汀属矿务章程,法国
350,1902/10/22,北京大沽借线合同,英国
351,1902/10/23,川石山至南台借线合同,英国
352,1902/11/27,续订接线展限合同,俄国
353,1902/11/1,汉口展拓法租界条款,法国
354,1902/1/1,广东教务章程,美法
355,1902/1/1,各国水师雇用华船报关查验章程,各国
356,1902/1/1,天津意国租界章程合同,意大利
357,1903/1/27,分设关卡章程条款,葡萄牙
358,1903/3/1,安徽矿务简明合同,英国
359,1903/4/24,天津日本租界推广条约,日本
360,1903/5/18,代寄邮件暂行章程,日本
361,1903/5/18,互相传寄总包运费合同,日本
362,1903/5/18,代寄包裹暂行章程,日本
363,1903/6/1,天津奥国租界章程合同,奥地利
364,1903/7/5,勘矿合同,意大利
365,1903/7/9,沪宁铁路借款合同,英国
366,1903/10/8,通商行船续订条约,美国
367,1903/10/8,通商行船续约,日本
368,1903/10/27,中国及英属印度邮政局互订代寄邮件暂行章程,英国
369,1903/10/29,滇越铁路章程,法国
370,1903/11/12,汴洛铁路借款合同,比利时
371,1903/11/12,汴洛路行车合同,比利时
372,1903/1/1,大东大北公司联合美线办法章程,英丹
373,1903/1/1,比商世昌洋行在津创办电车电灯公司章程,比利时
374,1904/1/15,大冶购运矿石预借矿价正合同,日本
375,1904/3/6,黑龙江省东省铁路公司订立伐木原合同,俄国
376,1904/4/17,青岛设关征税办法续立附件,德国
377,1904/5/13,保工章程,英国
378,1904/6/5,安徽铜陵县矿改定合同章程,英国
379,1904/10/21,互寄包裹暂行章程,法国
380,1904/11/11,通商条约,葡萄牙
381,1904/11/11,办理新约第三款合订章程,葡萄牙
382,1904/11/11,广澳路合同,葡萄牙
383,1904/12/29,互寄邮件暂行章程,英国
384,1904/1/1,长沙租界租地章程,各国
385,1904/1/1,山草地坡等处议订租地条款,英国
386,1904/1/1,太平洋商业公司登岸接线合同,美国
387,1904/1/1,广州口船只停泊起下货物章程,各国
388,1904/1/1,新定划界防边条约,朝鲜
389,1905/1/15,接线议定减价条款,俄国
390,1905/1/20,小清河叉路合同,德国
391,1905/2/1,续增上海洋泾浜设官会审章程,各国
392,1905/3/22,临城矿务借款合同,比利时
393,1905/4/5,续订联合齐价摊分合同,英丹
394,1905/5/23,续订滇缅电线约款,英国
395,1905/7/2,付还赔款办法来往照会,各国
396,1905/7/3,道清铁路借款合同,英国
397,1905/7/3,道清铁路行车合同,英国
398,1905/8/13,续订京汉全路完工应用小借款合同,比利时
399,1905/8/29,收回粤汉路美国合兴公司售让合同,美国
400,1905/9/9,香港政府粤汉铁路借款合同,英国
401,1905/9/27,改订修治黄浦河道条款,各国
402,1905/10/25,互寄邮件暂行章程,德国
403,1905/11/28,胶高撤兵善后条款,德国
404,1905/12/1,会订青岛设关征税修改办法,德国
405,1905/12/22,会议东三省事宜正约,日本
406,1905/12/27,代寄邮件暂行章程,英国
407,1906/1/4,改定接线续约,俄国
408,1906/2/12,暂立奉新电线借用合同,日本
409,1906/4/27,续订藏印条约,英国
410,1906/7/1,鸭浑两江军用木植合同,日本
411,1906/8/23,交还淞泥岸线凭照,美国
412,1906/9/18,齐齐哈尔华俄道胜银行租地建屋合同,俄国
413,1906/10/28,德商承造兰州黄河铁桥合同,德国
414,1906/11/9,交收营口办法另单,日本
415,1906/12/1,滇缅路电交接办法合同,英国
416,1906/12/5,交收营口条款,日本
417,1906/1/1,俄商借道伊塔运茶出口章程,俄国
418,1907/2/9,推广汉口租界专条,日本
419,1907/3/4,淄川附近土法探煤合同,德国
420,1907/3/7,广九铁路借款合同,英国
421,1907/3/26,变通汉关续约第六款文,英国
422,1907/4/15,新奉吉长铁路协约,日本
423,1907/4/17,改订青岛租界制成货物征税新章,德国
424,1907/5/23,东省铁路附属地外满洲电线交还中国换文,俄国
425,1907/5/27,日本交付奉天新民屯铁路并机头车辆物件材料条款,日本
426,1907/5/30,会订大连海关试办章程,日本
427,1907/5/31,会定电报事宜合同,德国
428,1907/6/26,大连海关试办章程,日本
429,1907/7/8,北满洲税关章程,俄国
430,1907/7/25,荷商承揽浚浦工程由好时洋行担保款项合同(第一),荷兰
431,1907/7/25,荷商承揽浚浦工程由好时洋行担保款项合同(第二),荷兰
432,1907/8/22,山东探矿公司合同,德国
433,1907/8/30,吉林省中东铁路公司购地合同,俄国
434,1907/8/30,吉林路煤矿章程,俄国
435,1907/8/30,吉林木植合同,俄国
436,1907/8/30,黑龙江铁路公司购地合同,俄国
437,1907/8/30,黑龙江路煤矿合同,俄国
438,1907/9/11,勘修塔城中俄交界处所牌博文据,俄国
439,1907/9/11,安奉铁路不改路线及沿路矿业办法,日本
440,1907/10/6,北满洲税关章程第二条末段讲解照会,俄国
441,1907/10/7,东清铁路电报合同,俄国
442,1907/11/1,山东路电交接办法合同,德国
443,1907/11/6,新民府至法库门铁路工程草合同,英国
444,1907/12/2,禁烟节录及来往照会,英国
445,1907/12/31,接线展期知照,法国
446,1907/1/1,河南矿务章程,英国
447,1907/1/1,公共租界工部局越界拘人办法,各国
448,1908/1/4,收回鸡公山地另议租屋避暑章程,各国
449,1908/1/13,天津浦口铁路借款合同,英德
450,1908/1/20,芦保路造本利息合同,比利时
451,1908/1/20,赎回开矿制铁转运合同,英国
452,1908/3/6,沪杭甬铁路借款合同,英国
453,1908/3/25,了结京奉路借款拨项合同,英国
454,1908/4/5,黑龙江铁路公司伐木合同,俄国
455,1908/4/13,沪宁铁路总管理处续订办事新章,英国
456,1908/4/14,奉天各商埠租地简章,各国
457,1908/4/14,井陉煤矿合同,德国
458,1908/4/20,修订藏印通商章程,英国
459,1908/5/14,合办鸭绿江采木公司章程,日本
460,1908/5/30,满洲里并绥芬河两站中国税关暂行试办章程,俄国
461,1908/6/22,改订枪弹进口新章,各国
462,1908/7/2,通商条约,瑞挪
463,1908/9/6,会勘移立越南界碑事记,法国
464,1908/9/11,采木公司事务章程,日本
465,1908/9/11,合办鸭绿江森林合同,日本
466,1908/9/11,东边出口本地木料税则,日本
467,1908/10/8,公断条约,美国
468,1908/10/8,英法汇丰汇理银行借款合同,英法
469,1908/10/12,中日电约,日本
470,1908/11/7,满洲陆线办法合同,日本
471,1908/11/7,烟台关东水线办法合同,日本
472,1908/11/12,新奉吉长铁路借款续约,日本
473,1909/1/4,中越交界禁匪章程,法国
474,1909/2/9,代寄邮件章程,英国
475,1909/2/19,互订代寄邮件章程,俄国
476,1909/2/19,东清铁路运递大清邮件暂行章程,俄国
477,1909/5/10,东省铁路公议会大纲,俄国
478,1909/5/19,桂林全州路测勘合同,英国
479,1909/5/24,增加条款,瑞挪
480,1909/6/5,互寄包裹章程,英国
481,1909/6/6,湖北湖南两省境内粤汉铁路鄂境川汉铁路借款草合同,各国
482,1909/8/3,公断条约,巴西
483,1909/8/17,中秘条约证明书,秘鲁
484,1909/8/18,吉长路借款细目合同,日本
485,1909/8/18,新奉路借款细目合同,日本
486,1909/8/19,安奉铁路节略,日本
487,1909/8/20,废除苛例证明书,秘鲁
488,1909/9/4,东三省交涉五案条款,日本
489,1909/9/4,图们江中韩界务条款,日本
490,1909/10/2,锦瑷铁路借款草合同,英美
491,1909/10/11,收回东沙岛条款,日本
492,1909/10/1,锦瑷铁路包工草合同,英国
493,1909/11/5,安奉铁路购地章程,日本
494,1909/11/9,奉天十间房租地之规定,日本
495,1909/12/31,山东收回德商五矿合同,德国
496,1910/1/8,海龙府金矿合同,英美
497,1910/1/20,锦瑷铁路借款草合同,美国
498,1910/2/9,互订代寄邮件章程,日本
499,1910/2/9,互订代寄包裹章程,日本
500,1910/3/11,仁川釜山元山清国租界章程,日本
501,1910/3/15,滇越路巡警章程,法国
502,1910/4/4,鸭绿江架设铁桥协定,日本
503,1910/4/20,鸭绿江采木公司关于漂流木整理规则之议定书,日本
504,1910/5/10,鸭绿江采木公司事务章程第十四条适用之议定书,日本
505,1910/5/22,本溪湖煤矿合同,日本
506,1910/6/10,井陉煤矿抵押合同,法国
507,1910/7/19,互寄包裹章程,德国
508,1910/8/1,京汉铁路公债票售与敦菲色公司合同,英国
509,1910/8/4,上海道台三百五十万两借款合同,各国
510,1910/8/8,松花江行船章程,俄国
511,1910/8/15,京汉铁路公债票售与正金银行合同,日本
512,1910/9/28,津浦铁路续借款合同,英德
513,1910/10/27,美国借款草合同,美国
514,1911/3/24,邮传部借款合同,日本
515,1911/4/10,大东大北公司预付报费合同,英丹
516,1911/4/15,币制实业借款合同,各国
517,1911/5/8,禁烟条件,英国
518,1911/5/8,和兰领地殖民地领事条约,荷兰
519,1911/5/12,抚顺烟台煤矿细则,日本
520,1911/5/20,粤汉川汉路借款合同,各国
521,1911/7/17,修浚辽河海口等处工程局章程,各国
522,1911/7/24,收回山东省各路矿权合同,德国
523,1911/8/14,湖北省七厘银借款合同,各国
524,1911/8/30,收回云南矿权换文,英法
525,1911/9/2,广东省七厘银借款合同,各国
526,1911/9/21,京奉路延长协约,日本
527,1911/9/30,互寄包裹章程,法国
528,1911/10/16,厦门鼓浪屿水线合同,丹麦
529,1911/10/21,本溪湖煤矿有限公司合同附加条款,日本
530,1911/10/27,某种海军建筑合同,美国
531,1911/10/30,整理各项新财政借款合同,法国
532,1911/11/2,安奉铁路通车减价章程,日本
533,1911/11/30,安东铁路与朝鲜铁路国境通车章程,日本
534,1911/12/16,续订整理新财政借款合同,法国
535,1911/12/20,赔偿华侨损失证明书,墨西哥
536,1912/1/27,满州里界约,俄国
537,1912/1/30,开滦矿务总局联合办理草合同,英国
538,1912/2/5,管理税收联合委员会办法,各国
539,1912/2/10,兵器代金支付延期契约,日本
540,1912/3/9,汉冶萍预借矿砂价值合同,日本
541,1912/3/14,货币借款垫付函约,各国
542,1912/4/4,一九一二年中国政府五厘息金镑借款合同,比利时
543,1912/4/15,办理浚浦局暂行章程,各国
544,1912/6/1,互寄包裹章程,法国
545,1912/7/8,开滦矿务局联合办理正合同,英国
546,1912/7/11,南浔铁路第一次借日债五百万圆合同,日本
547,1912/7/12,德华银行临时垫款凭函,德国
548,1912/8/12,克利司浦借款原合同,英国
549,1912/8/28,德华银行临时垫款凭函,德国
550,1912/8/30,华中铁路有限公司临时垫款凭函,英国
551,1912/8/30,五厘金镑借款合同,英国
552,1912/9/1,比京电车线路公司合同条件简章,比利时
553,1912/9/6,天津俄租界内筑造京奉路支路协定,俄国
554,1912/9/24,陇秦豫海铁路借款合同,比利时
555,1912/12/11,京汉铁路公债票押款合同,英国
556,1912/12/12,修正陇秦豫海铁路借款合同专条,比利时
557,1912/12/13,续订展期赔偿华侨损失证明书,墨西哥
558,1912/12/23,取消一九一二年五厘金镑借款合同,英国
559,1912/12/27,兵器代金支付第二次延期契约,日本
560,1913/1/11,中法实业银行章程,法国
561,1913/3/3,关于粤汉川汉铁路开工提款等四项办法来往函,各国
562,1913/3/18,兵器代金支付第三次延期契约,日本
563,1913/4/10,一百二十万英镑订购军舰合同,奥地利
564,1913/4/10,二百万英镑订购军舰合同,奥地利
565,1913/4/26,善后借款合同,各国
566,1913/4/26,善后借款垫款合同,各国
567,1913/5/29,朝鲜南满往来运货减税试行办法,日本
568,1913/6/6,广九铁路垫款函约条件,英国
569,1913/7/4,筹办建筑广州重庆路及将来接展至兰州铁路简明合同,英国
570,1913/7/10,兵器代金支付第四次延期契约,日本
571,1913/7/22,同成铁路借款合同,法比
572,1913/9/12,粤汉川汉铁路提款支付及查账办法,各国
573,1913/9/18,关于修正同成铁路借款合同中国政府致法比公司函,法比
574,1913/9/18,同成铁路垫款条件,法比
575,1913/9/20,英属北波罗州招殖华民条款,英国
576,1913/9/20,英属北波罗州招殖华民章程,英国
577,1913/10/1,路联络条约,日本
578,1913/10/4,日本水线登岸合同,日本
579,1913/10/5,铁路借款预约办法大纲,日本
580,1913/10/9,实业五厘金币借款合同,法国
581,1913/10/14,军事债票借款合同,比利时
582,1913/10/30,温沪铁路出售购地债票凭函,英国
583,1913/11/5,声明文件,俄国
584,1913/11/14,浦信铁路借款合同,英国
585,1913/11/22,中国在朝鲜居留地废止协定章程,日本
586,1913/12/2,汉冶萍矿石价金预付契约,日本
587,1913/12/5,实业五厘金币借款附合同,法国
588,1913/12/18,沙兴铁路借款草合同,英国
589,1913/12/20,伊尔克斯唐中俄接线条款,俄国
590,1913/12/22,水线续款,英丹
591,1913/12/30,军事债票借款部分发售合同,比利时
592,1913/12/31,高密韩庄及济南顺德铁道照会,德国
593,1913/1/1,拟筑南昌萍乡路初议借款条件,英国
594,1914/1/21,钦渝路五厘息金借款合同,法国
595,1914/1/22,关于拨还湘路股款材料来往函,各国
596,1914/1/30,导淮借款草议,美国
597,1914/2/10,美孚推广事业合同,美国
598,1914/2/14,赎回上海枫泾铁路议订条款,英国
599,1914/2/14,上海枫泾路清还抵欠借款合同,英国
600,1914/3/2,实业五厘金币借款合同附件,法国
601,1914/3/21,钦渝路垫款更正条件,法国
602,1914/3/31,筹湘路借款合同,英国
603,1914/4/2,关于钦渝铁路垫款更正条件来往函,法国
604,1914/4/8,上海法租界推广条款,法国
605,1914/5/14,水线合同首段修改约文,日本
606,1914/5/15,南浔铁路第二次借日债五十万元合同,日本
607,1914/5/15,南浔铁路第三次借日债贰百万元合同,日本
608,1914/5/1,整理广东纸币办法及拨用盐款合同,各国
609,1914/7/9,修浚辽河海口等处工程局章程,各国
610,1914/7/19,电报价目合同,英丹
611,1914/7/25,沙兴路借款合同,英国
612,1914/7/25,沙兴路借款附合同,英国
613,1914/8/7,关于日本水线登岸来往函,英丹
614,1914/8/1,淞沪宝地缆合同,英丹
615,1914/9/15,解纷免战条约,美国
616,1914/9/17,汉口修建借款合同,英国
617,1914/9/19,收回沪杭甬浙段路议订条款,英国
618,1914/9/25,溪城路公所觉书,日本
619,1914/11/9,合办隔中公司草合同,英国
620,1915/2/18,通好条约,智利
621,1915/3/4,关于中俄陆路通商章程第十四条免税物表协定,俄国
622,1915/4/13,边界禁匪章程,法国
623,1915/5/1,苏赣粤三省禁卖土烟合同,英国
624,1915/5/7,合办隔中公司合同,英国
625,1915/5/25,关于南满洲及东部内蒙古之条约,日本
626,1915/5/25,关于山东之条约,日本
627,1915/6/1,公断专条,荷兰
628,1915/6/7,中俄蒙协约,俄蒙
629,1915/6/12,霍尔果斯河划界文据,俄国
630,1915/7/27,关于按照1915年退还关税之章程,俄国
631,1915/8/6,恢复青岛海关协定,日本
632,1915/11/6,呼伦条约,俄国
633,1915/12/1,修改条约,巴西
634,1915/12/4,中英公司二百十万两短期借款函约,英国
635,1915/12/17,四郑铁路借款合同,日本
636,1916/1/24,自治外蒙古电线合同,俄蒙
637,1916/2/19,关于陇海路发行第一次七厘国库券来往函,比利时
638,1916/3/27,滨黑铁路借款合同,俄国
639,1916/3/1,合办振兴铁矿无限公司合同,日本
640,1916/4/7,六厘金币库券合同,美国
641,1916/4/18,溪城铁路公所章程,日本
642,1916/4/19,山东南运河七厘金币借款合同,美国
643,1916/5/13,导淮改良运河七厘金币借款合同,美国
644,1916/5/17,裕中公司承造铁路合同,美国
645,1916/5/20,直接互寄五至十基罗包裹章程,法国
646,1916/5/21,北满若干地区禁卖酒精协定,俄国
647,1916/5/29,互寄包裹章程,美国
648,1916/6/9,奉天财政厅一百万元借款契约,日本
649,1916/6/27,关于株钦路垫款来往函,美国
650,1916/6/30,关于取消1858年条约第十八条第二节换文,美国
651,1916/8/1,奉天财政厅二百万元借款契约,日本
652,1916/8/9,垫款购买银条合同,美国
653,1916/8/10,关于江沪预算及督办公费车辆等事来往函,英国
654,1916/8/23,合办九州制钢厂股份有限公司合同,日本
655,1916/9/9,兴亚公司实业借款合同,日本
656,1916/9/25,兴亚公司改订借款契约,日本
657,1916/9/29,裕中公司承造铁路增订合同,美国
658,1916/10/16,奉天财政厅一百五十万元借款展期契约,日本
659,1916/11/8,广九路付给酬金日期来往函,英国
660,1916/11/16,大陆商业托辣斯银行美金五百万元借款合同,美国
661,1916/12/15,德华银行津浦路北段垫款凭函,德国
662,1917/1/5,取缔私盐办法,日本
663,1917/1/17,吉黑官矿运送合同,日本
664,1917/1/20,交通银行借款合同,日本
665,1917/1/22,郑家屯事件换文,日本
666,1917/1/28,收购存烟合同,英国
667,1917/1/29,收购存烟第一次补充合同,英国
668,1917/2/5,中国政府拨还美孚公司勘矿用款合同,美国
669,1917/3/26,胶州湾租借地及胶济铁路邮电事务处理办法,日本
670,1917/4/2,广东士敏土厂借款合同,日本
671,1917/5/14,大陆商业托辣斯银行借款附合同,美国
672,1917/6/1,直接互寄包裹章程,英国
673,1917/6/1,直接互寄包裹章程之详细规则,英国
674,1917/8/10,合办中华汇业银行规约,日本
675,1917/8/28,日币一千万元垫款合同,日本
676,1917/9/1,直接互换包裹办法,俄国
677,1917/9/28,交通银行二千万圆借款合同,日本
678,1917/9/1,九龙分关章程,英国
679,1917/10/1,邮资条件,葡萄牙
680,1917/10/12,吉长铁路借款合同,日本
681,1917/10/12,吉长路借款细目合同,日本
682,1917/10/24,天津中美会审章程,美国
683,1917/11/6,互寄画票协约,葡萄牙
684,1917/11/16,关于株钦铁路续垫款来往函,美国
685,1917/11/20,整理运河七厘金币借款合同,美国
686,1917/11/22,京畿水灾救济借款合同,日本
687,1918/1/6,日币一千万元第二次垫款合同,日本
688,1918/1/18,防疫借款函约,各国
689,1918/1/29,中国不受外儒取缔规则限制来往照会,日本
690,1918/2/12,四郑路短期借款合同,日本
691,1918/2/21,无线电台借款正合同,日本
692,1918/3/25,共同防敌换文,日本
693,1918/4/3,道清路第一次购车借款来往函,英国
694,1918/4/22,奉天财政厅三百万元借款契约,日本
695,1918/4/30,有线电报借款合同,日本
696,1918/5/16,陆军共同防敌军事协定,日本
697,1918/5/19,海军共同防敌军事协定,日本
698,1918/5/28,合办华俄木材公司合同,日本
699,1918/6/11,收购存烟第二次补充合同,英国
700,1918/6/13,通好条约,瑞士
701,1918/6/18,吉会铁路借款预备合同,日本
702,1918/6/30,陕西实业借款合同,日本
703,1918/7/5,日币一千万圆第三次垫款合同,日本
704,1918/7/19,财政部证券改订借款契约,日本
705,1918/7/31,第二次军械借款合同,日本
706,1918/8/2,吉黑两省金矿及森林借款合同,日本
707,1918/8/27,马可尼无线电话借款合同,英国
708,1918/9/1,山东省短期借款条件大纲,日本
709,1918/9/6,关于陆军共同防敌军事协定实施上必要详细协定,日本
710,1918/9/21,合办老头沟煤矿合同,日本
711,1918/9/24,关于济顺高徐二铁路换文,日本
712,1918/9/24,关于满蒙四铁路换文,日本
713,1918/9/25,关于处理山东省各问题换文,日本
714,1918/9/28,满蒙四铁路借款预备合同,日本
715,1918/9/28,济顺高徐二铁路借款预备合同,日本
716,1918/9/28,参战借款合同,日本
717,1918/10/7,修浚蜀江组织法及其章程,各国
718,1918/10/9,马可尼无线电垫款合同,英国
719,1918/10/10,胶州湾租借地及胶济间邮电事务处理办法细则,日本
720,1918/10/25,扩充电话借款合同,日本
721,1918/12/7,吉长铁路公债借款契约,日本
722,1918/12/10,财政部证券改订借款契约,日本
723,1918/12/19,修改各国通商进口税则:善后章程,各国
724,1918/12/21,福建省延期借款契约,日本
725,1918/12/23,合办弓长岭铁矿无限公司合同,日本
726,1919/2/5,关于陆军共同防敌军事协定战争终了之协定,日本
727,1919/3/1,关于海军共同防敌军事协定战争终了之协定,日本
728,1919/3/3,道清铁路第二次购车借款来往函,英国
729,1919/3/25,山东道运输及取缔之协定,日本
730,1919/4/3,订购铜元机器合约条件,日本
731,1919/4/16,山东省短期借款第一次延期合同,日本
732,1919/5/3,关于陇海路发行第二次七厘国库券来往函,比利时
733,1919/5/3,关于延边往来运货减税之换文,日本
734,1919/5/24,合办中华无线电公司垫款合同,英国
735,1919/6/4,中国政府1918年甲号财政部证券改借契约,日本
736,1919/8/1,互寄包裹章程修改条文,美国
737,1919/9/8,四洮铁路借款合同,日本
738,1919/10/1,第一次飞机借款合同,英国
739,1919/10/11,大陆商业储蓄托辣斯银行借款合同,美国
740,1919/10/11,大陆商业储蓄托辣斯银行借款附合同,美国
741,1919/10/31,互寄汇票协约,荷东属印
742,1919/11/20,湘鄂二百万圆借款函约,英国
743,1919/11/26,太平洋拓业公司借款合同,美国
744,1919/11/27,互寄汇票协约,英国
745,1919/12/3,通好条约,玻利维亚
746,1919/12/20,福建财政厅借款改订契约,日本
747,1920/2/10,扩充及改良有线电报工程费垫款合同,日本
748,1920/2/26,株钦裕中公司美金十五万元续垫款函约,美国
749,1920/3/9,四洮铁路日金一千万元短期借款凭函,日本
750,1920/4/7,办理运河初步测量续借美金十万元合同,美国
751,1920/4/20,山东省短期借款第二次延期合同,日本
752,1920/4/23,合资开采广东煤矿合同,英国
753,1920/5/1,陇海比荷借款合同,比荷
754,1920/5/25,第二次飞机借款合同,英国
755,1920/5/27,伊宁会议定案,苏俄
756,1920/6/1,友好条约,波斯
757,1920/6/18,追加购添铜元机器合同,日本
758,1920/6/23,互换汇票协约,英国
759,1920/7/15,秦皇岛官荒地亩租约,英国
760,1920/8/2,修正合资开采广东煤矿合同之附约,英国
761,1920/10/20,修改通商进口税则:善后章程,各国
762,1920/10/20,修改通商进口税则补约,美国
763,1920/11/30,福建省财政厅借款追加契约,日本
764,1920/12/1,财政部与日本东亚兴业株式会社缔结合同,日本
765,1920/12/16,清孟支路借款合同,英国
766,1920/1/1,克荻士飞机借款合同,美国
767,1921/1/8,无线电台协定,美国
768,1921/1/9,中东路与俄国贝加尔路临时交通办法,苏俄
769,1921/1/19,赈灾借款合同,各国
770,1921/1/27,关于取消中日军事协定之节略,日本
771,1921/1/28,关于取消中日军事协定之换文,日本
772,1921/3/7,黑龙江官府远东政府开通边界章程,苏俄
773,1921/3/7,会订东赤两路开通车辆条件,苏俄
774,1921/4/18,京绥铁路绥包公债借款契约,日本
775,1921/4/22,京奉唐榆双轨借款中英公司函约,英国
776,1921/5/9,北京电车合同,法国
777,1921/5/20,中德协约,德国
778,1921/5/31,四洮铁路日金一千二百五十万圆短期借款凭函,日本
779,1921/7/16,合办奉天送电所合同,日本
780,1921/8/1,福建省整理借款契约,日本
781,1921/9/12,俄红军入阿尔泰区剿匪协议,苏俄
782,1921/9/19,无线电台修正协定,美国
783,1921/9/26,暂行修改中墨1899年条约协定,墨西哥
784,1921/10/3,解决扣留行李协定,苏俄
785,1921/11/28,太平洋拓业公司借款展期凭函,美国
786,1921/12/10,华盛顿会议在华领事裁判权决议,各国
787,1922/2/1,华盛顿会议在华外国邮局决议,各国
788,1922/2/1,华盛顿会议在华外国军队决议,各国
789,1922/2/1,华盛顿会议统一中国铁路决议,各国
790,1922/2/1,华盛顿会议裁减中国军队决议,各国
791,1922/2/1,华盛顿会议关于中国现有成约决议,各国
792,1922/2/1,华盛顿会议在华无线电台决议,各国
793,1922/2/4,解决山东悬案条约,日本
794,1922/2/4,远东问题审议局决议,各国
795,1922/2/4,关于中东铁路之决议,各国
796,1922/2/6,九国关于中国事件原则及政策条约,各国
797,1922/2/6,九国关于中国关税税则条约,各国
798,1922/2/16,关于司法官厅互相协助来往照会,日本
799,1922/3/1,太平洋拓业公司借款第二次展期,美国
800,1922/3/28,关于胶济铁路沿线撤兵协定,日本
801,1922/5/16,南浔铁路第四次借日债合同,日本
802,1922/5/16,南浔铁路展限还本附合同,日本
803,1922/5/27,黑龙江航行地方临时协议,苏俄
804,1922/5/31,四洮铁路日金短期借款凭函,日本
805,1922/6/1,互换包裹邮件总包通告书,加拿大
806,1922/6/20,陇秦豫海铁路垫款凭函,比利时
807,1922/6/27,正太提拨余利办法来往凭函,法比
808,1922/7/9,关于庚款及中法实业银行来往照会,法国
809,1922/7/21,黑龙江航行临时协议细则,苏俄
810,1922/9/11,厦门海后滩善后办法三条,英国
811,1922/9/28,修订通商进口税则,各国
812,1922/9/1,鞍山通车条件,苏俄
813,1922/10/2,南满铁道日金五十万元借款来往函,日本
814,1922/10/2,比利时营业公司购料合同,比利时
815,1922/10/2,互换汇票协约,加拿大
816,1922/10/31,开采四川石油矿合同,美国
817,1922/11/3,创办四川石油合同,美国
818,1922/11/8,合办天图轻便铁路公司合同,日本
819,1922/11/20,堵筑利津县宫家漫口工程合同,美国
820,1922/11/24,互换汇票协约,美国
821,1922/12/1,山东悬案细目协定,日本
822,1922/12/5,山东悬案铁路细目协定,日本
823,1922/12/8,南满铁路附属地邮政协定,日本
824,1922/12/8,互换邮件协定,日本
825,1922/12/8,互换保险信函及箱匣协定,日本
826,1922/12/8,互换汇票协定,日本
827,1922/12/8,互换邮政包裹协定,日本
828,1923/1/26,互换汇票协定,法国安南
829,1923/2/2,无线电台附加协定,日本
830,1923/2/10,关于庚子赔款来往照会,美国
831,1923/3/13,胶澳行政接收最后协定,日本
832,1923/3/29,胶济铁路交收之协定,日本
833,1923/5/10,修正互换汇票协定条文,法国安南
834,1923/5/31,四洮铁路日金短期借款凭函,日本
835,1923/9/1,华比银行一百七十万元借款合同,比利时
836,1923/9/2,正太余利抵押借款过渡办法来往函,法比
837,1923/10/1,京热路借款草合同,英国
838,1924/1/7,互换汇票协定,马来亚
839,1924/1/22,合办中东海林采木公司合同,日本
840,1924/2/6,庚子赔款办理对华文化事业协议,日本
841,1924/2/28,互换包裹协定,日本
842,1924/4/1,信使规定,菲律宾
843,1924/5/19,关于外交邮袋之来往照会,日本
844,1924/5/23,互换包裹协定,日本
845,1924/5/31,四洮铁路日金短期借款凭函,日本
846,1924/5/31,建立邦交之换文,苏联
847,1924/5/31,解决悬案大纲协定,苏联
848,1924/5/31,暂行管理中东铁路协定,苏联
849,1924/6/4,正太余利抵押借款过渡办法凭函,法比
850,1924/6/4,华比银行七十万元借款合同,比利时
851,1924/6/6,解决德华银行事务换文,德国
852,1924/6/7,解决中德战事赔偿及债务问题换文,德国
853,1924/6/7,结束放还中国扣留之德侨私人财产,德国
854,1924/6/10,解决政府应分沪宁铁路余利办法,英国
855,1924/6/14,第二次退还庚子赔款换文,美国
856,1924/7/19,陇秦豫海铁路借款合同续订附件,比利时
857,1924/9/3,承办建造洮昂铁路合同,日本
858,1924/9/20,东三省自治政府与苏维埃政府协定,苏联
859,1924/11/26,关于废止中缅电报接合同之换文,英国
860,1924/11/27,陇秦豫海铁路借款合同续订附件,比利时
861,1924/11/29,广九铁路中英公司十三年垫款凭函,英国
862,1924/12/30,互换汇票协定,德国
863,1924/12/31,关于麻醉品运输之换文,英国
864,1925/1/16,陇海铁路赎回旧债票议定办法,比利时
865,1925/2/18,陇海铁路1925年八厘借款议定书,比利时
866,1925/2/18,陇海铁路换回1919年七厘债票通知,比利时
867,1925/2/1,直接互换代收货价包裹协定,英国
868,1925/4/12,退还庚款维持中法实业银行照会,法国
869,1925/5/4,庚款举办对华文化事业来往照会,日本
870,1925/5/31,南满铁道日金一百万元借款来往函,日本
871,1925/5/31,四洮铁路日金短期借款凭函,日本
872,1925/7/30,南满铁道承办洮昂铁路合同细则,日本
873,1925/8/1,奉天市电车联络运输契约,日本
874,1925/9/5,关于庚款来往照会,荷兰
875,1925/9/5,华比银行垫款合同,比利时
876,1925/10/1,关于庚款来往照会,英国
877,1925/10/1,垫款合同,日本
878,1925/10/19,通商条约,美国
879,1925/10/24,吉敦铁路承造合同,日本
880,1925/11/2,关于庚款之换文,各国
881,1925/12/17,上海电话通话合同,日本
882,1926/2/12,青岛产盐输出一般协定,日本
883,1926/6/9,承认中国商标法之换文,芬兰
884,1926/6/9,图们江架桥协定,英国
885,1926/8/31,收回上海会审公廨暂行章程,英国
886,1926/9/7,南满铁道代购车辆凭函,英国
887,1926/10/29,通好条约,英国
888,1927/1/12,修订秦皇岛租地条件,英国
889,1927/2/19,收回汉口英租界协定,英国
890,1927/2/20,收回九江英租界协定,英国
891,1927/3/2,关于变更九江英租界协定之函件,英国
892,1927/4/12,取缔麻醉药品进口特许执照办法,瑞士
893,1927/4/26,考查团合作办法,瑞典
894,1927/5/30,吉敦铁路承造合同增加工程费凭函,日本
895,1927/5/30,南满铁道日金四十万元借款来往函,日本
896,1927/5/31,南满铁道日金一百万元借款展期,日本
897,1927/11/15,天津电车电灯公司追加合同,比利时
898,1927/11/15,直隶政府与比商电车公司解决办法,比利时
899,1928/5/31,南满铁道借款展期来往函,日本
900,1928/6/30,洮昂材料煤价短期借款合同,日本
901,1928/7/25,整理中美两国关税关系之条约,美国
902,1928/8/17,关税条约,德国
903,1928/11/3,国际无线电台购机合同,美国
904,1928/11/10,无线电报务合同,美国
905,1928/11/10,无线电报务合同,德国
906,1928/11/12,关税条约,挪威
907,1928/11/22,友好通商条约,比利时
908,1928/11/27,友好通商条约,意大利
909,1928/12/12,友好通商条约,丹麦
910,1928/12/19,关税条约,荷兰
911,1928/12/19,友好通商条约,葡萄牙
912,1928/12/20,关税条约,英国
913,1928/12/20,关税条约,瑞典
914,1928/12/22,关税条约,法国
915,1928/12/27,友好通商条约,西班牙
916,1929/2/15,无线电报务合同,菲律宾
917,1929/3/4,无线电报务合同,法国
918,1929/3/13,解释中丹友好通商条约换文,丹麦
919,1929/3/21,互换公报换文,美国
920,1929/4/1,陈列货样相互免税暂行章程,法国
921,1929/4/17,航空邮务合同,美国
922,1929/4/17,创办经营航空学校工厂合同,美国
923,1929/6/5,领事官汽车相互免税办法换文,美国
924,1929/6/20,海军援助协定,法国
925,1929/6/21,沪宁铁路购车垫款合同,英国
926,1929/8/31,比国交还天津比国租界协定,比利时
927,1929/9/18,友好通商航海条约,波兰
928,1929/9/30,通好条约,希腊
929,1929/10/9,中英海军援助协定追加条款换文,英国
930,1929/10/31,收回镇江英租界案来往照会,英国
931,1929/10/31,关于墨国放弃领事裁判权换文,墨西哥
932,1929/12/3,奉天政府与苏联政府间议定书,苏联
933,1929/12/22,伯力会议议定书,苏联
934,1930/1/24,建筑葫芦岛海港合同,荷兰
935,1930/1/27,改订京沪铁路购料酬劳金办法,英国
936,1930/1/27,协议京沪铁路管理权限问题,英国
937,1930/2/7,保护专利来往照会,美国
938,1930/2/12,友好通商条约,捷克斯洛伐克
939,1930/2/17,上海公共租界内中国法院协定,各国
940,1930/3/14,外交官领事官用品相互免税换文,德国
941,1930/4/5,外交官领事官用品相互免税换文,荷兰
942,1930/4/8,外交官及领事官用品免税办法换文,英国
943,1930/4/18,交收威海卫专约及协定,英国
944,1930/4/23,暂行通商办法换文,埃及
945,1930/5/6,关税协定,日本
946,1930/5/16,规定越南及中国边省关系专约,法国
947,1930/6/27,公断条约,美国
948,1930/7/1,友好通商航海条约附加议定书,波兰
949,1930/7/3,彼此侨民适用法令章程换文,波兰
950,1930/7/8,合办中国航空公司合同,美国
951,1930/7/21,报务合同,美国
952,1930/9/17,收回厦门英租界换文,英国
953,1930/9/22,解决中英庚款换文,英国
954,1930/11/11,外交官领事官用品相互免税换文,葡萄牙
955,1930/11/21,外交官用品相互免税换文,美国
956,1930/11/26,暂行通商办法修正案,埃及
957,1931/4/23,关于在华领事裁判权之换文,意大利
958,1931/7/28,上海法租界设置中国法院协定,法国
959,1931/10/1,临时通商协定,苏联
960,1931/10/19,外交官领事官用品相互免税办法,瑞典
961,1931/10/23,上海电话临时合约,美国
962,1931/12/23,铁道部借用英庚款建设首都轮渡,英国
963,1932/3/8,铁路部胶济铁路购料垫款契约,英国
964,1932/4/28,邮政互换包裹协定及规则,锡兰
965,1932/5/5,上海停战及日方撤军协定,日本
966,1932/6/20,无线电报务合同,英国
967,1932/7/29,实业部借用英庚款为中央制造厂开办费,英国
968,1932/7/30,铁路部粤汉路株韶段测量费借款,英国
969,1932/8/30,铁路部粤汉路韶乐分段工程借款,英国
970,1932/10/14,山海关轻便铁道口约,日本
971,1932/10/20,铁路部津浦铁路购料垫款契约,英国
972,1932/10/20,铁路部粤汉铁路湘鄂段购料垫款,英国
973,1932/10/20,铁路部粤汉铁路株韶段购料垫款,英国
974,1932/10/20,铁道部粤汉铁路广韶段购车垫款,英国
975,1932/12/12,恢复邦交之换文,苏联
976,1933/2/8,上海公共租界中国法院协定延期,各国
977,1933/2/8,上海公共租界中国法院民事诉讼换文,各国
978,1933/2/10,铁道部增借英庚款建设首都轮渡,英国
979,1933/3/24,上海法租界设置中国法院协定延期,法国
980,1933/3/30,上海法租界中国法院民事诉讼换文,法国
981,1933/4/4,解决中和庚款换文,荷兰
982,1933/4/5,报务合同,美国
983,1933/4/5,报务合同,丹麦
984,1933/4/19,外交官用品相互免税办法换文,西班牙
985,1933/4/19,上海电话临时合约,美国
986,1933/5/31,塘沽停战协定,日本
987,1933/6/29,铁道部粤汉铁路广韶段购料垫款,英国
988,1933/7/1,解决中义庚款协定,意大利
989,1933/7/18,铁道部借用英庚款完成粤汉铁路,英国
990,1934/2/28,铁道部沪杭甬铁路购车垫款契约,英国
991,1934/3/14,玉山南昌铁路合同,德国
992,1934/4/4,友好条约,土耳其
993,1934/4/20,外交人员自用物品相互免税换文,丹麦
994,1934/5/7,外交官用品相互免税换文,波兰
995,1934/5/8,无线电报务合同,日本
996,1934/5/11,互换汇票协定,印度
997,1934/6/6,海澄县与美孚行建设油池契约,美国
998,1934/6/28,奉天北平间直通旅客列车协定,日本
999,1934/6/28,奉天北平间通车方案,日本
1000,1934/7/11,承受1934年六厘英金庚款公债合同,英国
1001,1934/8/10,开滦联合办理补充合同,英国
1002,1934/11/9,外交人员自用物品相互免税换文,比利时
1003,1934/12/14,关内外通邮协定,日本
1004,1935/1/9,整理陕西三边天主教产协定,法国
1005,1935/2/7,上海电话联接合同,美国
1006,1935/3/30,互换汇票协定,马来亚
1007,1935/4/9,护照签证费之换文,英国
1008,1935/4/9,设立滇缅南段勘界委员会换文,英国
1009,1935/5/4,关于订立甲乙两种附表之议定书,法国
1010,1935/6/10,何梅协定,日本
1011,1935/8/29,管理小包件输出同业公会办法,日本
1012,1935/10/22,无线电话务合同,日本
1013,1936/2/1,云贵川沿边三省无线电通信协定,法国
1014,1936/2/12,互换包裹协定,马来亚
1015,1936/2/20,云南铁路草约,法国
1016,1936/4/29,派遣学者留荷属东印之换文,荷兰
1017,1936/5/8,完成沪杭甬铁路六厘金镑借款,英国
1018,1936/5/18,开滦产业信托及共同利益契约,英国
1019,1936/6/5,无线电报务合同,意大利
1020,1936/6/25,友好条约,拉脱维亚
1021,1936/11/5,外交官领事官用品相互免税换文,日本
1022,1936/11/20,互换包裹协定,苏联
1023,1936/12/5,报务合同,法国
1024,1937/2/1,无线电通话合同,美国
1025,1937/5/1,报务合同,德国
1026,1937/7/1,电线厂技术协助合同,英国
1027,1937/8/1,电话厂技术协助合同,德国
1028,1937/8/14,无线电通话合同,菲律宾
1029,1937/8/21,不侵犯条约,苏联
1030,1937/9/25,节目传递业务合同,美国
1031,1937/12/11,友好条约,利比里亚
1032,1937/12/18,英国皇家航空公司飞往中国换文,英国
1033,1937/12/21,友好条约,爱沙尼亚
1034,1938/3/1,使用五千万美元贷款之协定,苏联
1035,1938/7/1,使用五千万美元贷款之协定,苏联
1036,1938/12/30,购售桐油合同,美国
1037,1939/1/24,开办中国西南与缅甸通航换文,英国
1038,1939/2/8,桐油借款合约,美国
1039,1939/3/10,设立中国国币平准汇兑基金合同,英国
1040,1939/6/13,使用一亿五千万美元贷款条约,苏联
1041,1939/6/16,通商条约,苏联
1042,1939/9/9,组设哈密阿拉木图定期飞航协定,苏联
1043,1939/10/12,购售桐油补充合同,美国
1044,1940/3/15,售购华锡合同,美国
1045,1940/3/15,续借刘公岛房屋便利换文,英国
1046,1940/4/20,华锡借款合约,美国
1047,1940/5/11,友好条约,多米尼加
1048,1940/6/11,关于天津存银问题换文,英国
1049,1940/10/22,钨砂借款合约,美国
1050,1940/10/22,钨砂合同,美国
1051,1940/11/19,钨砂借款合约凭函,美国
1052,1941/1/31,金属合同,美国
1053,1941/2/4,金属借款合约,美国
1054,1941/4/1,平准基金协定,美国
1055,1941/4/1,平准基金协定,英国
1056,1941/4/26,平准基金补充协定,英国
1057,1941/4/26,设立平准汇兑基金补充协定,英国
1058,1941/5/22,修正钨砂合同及金属合同凭函,美国
1059,1941/5/31,钨砂合同修正合约,美国
1060,1941/6/18,滇缅南段界务及矿产换文,英国
1061,1941/6/19,华侨旧客回秘之换文,秘鲁
1062,1941/6/30,平准基金补充协定,美国
1063,1941/10/9,无线电通报报务合同,美国
1064,1941/10/9,无线电通报报务合同,菲律宾
1065,1941/12/30,钨砂借款修正合约,美国
1066,1941/12/30,金属借款第一次修正合约,美国
1067,1942/1/30,派遣美国陆军代表来往函,美国
1068,1942/2/11,修正钨砂借款合约凭函,美国
1069,1942/2/11,修正金属借款合约凭函,美国
1070,1942/2/11,修正钨砂及金属合同凭函,美国
1071,1942/3/16,友好条约,伊拉克
1072,1942/3/27,重庆加尔各答航空运输换文,英国
1073,1942/3/31,五亿美元借款协定,美国
1074,1942/4/24,关于中国海员协定,英国
1075,1942/6/2,抵抗侵略互助协定,美国
1076,1942/11/12,友好条约,古巴
1077,1942/12/30,金属借款第二次修正合约,美国
1078,1943/1/11,取消美国在华治外法权条约,美国
1079,1943/1/11,取消英国在华治外法权条约,英国
1080,1943/5/21,在华美军人员刑事案件换文,美国
1081,1943/8/20,友好条约,巴西
1082,1943/10/20,废除在华治外法权条约,比卢
1083,1943/11/10,废除在华治外法权条约,挪威
1084,1944/1/11,友好条约,阿富汗
1085,1944/2/7,互助拨借战争供应品协定,加拿大
1086,1944/4/14,废除在华治外法权条约,英国
1087,1944/5/2,财政援助协定,英国
1088,1944/5/2,租借协定,英国
1089,1944/5/5,友好条约,哥斯达黎加
1090,1944/5/11,军事服役换文,美国
1091,1944/8/1,友好条约,墨西哥
1092,1945/4/5,取消瑞典在华治外法权条约,瑞典
1093,1945/5/29,荷兰放弃在华治外法权条约,荷兰
1094,1945/6/8,友好条约附加条款,老挝
1095,1945/7/7,驻在彼此领土军人管辖权换文,英国
1096,1945/8/14,友好同盟条约,苏联
1097,1945/8/14,关于中国长春铁路之协定,苏联
1098,1945/8/14,关于大连之协定,苏联
1099,1945/8/14,关于旅顺口之协定,苏联
1100,1945/8/14,中苏共同对日作战苏军进入东三省后关系协定,苏联
1101,1945/8/18,交收广州湾租借地专约,法国
1102,1945/11/14,中国与联合国救济总署基本协定,国际组织
1103,1946/1/6,友好条约,厄瓜多尔
1104,1946/1/23,友好条约,暹罗
1105,1946/2/7,财政协定,加拿大
1106,1946/2/28,法国放弃在华治外法权条约,法国
1107,1946/2/28,关于中越关系之协定,法国
1108,1946/2/28,驻越北军由法军接防之换文,法国
1109,1946/2/28,法方供给驻越北军越币之换文,法国
1110,1946/3/13,瑞士放弃在华领事裁判权换文,瑞士
1111,1946/3/14,美棉贷款合同,美国
1112,1946/3/27,文化专约,巴西
1113,1946/4/29,关于美国驻华军事顾问团协定,美国
1114,1946/5/20,取消丹麦在华治外法权条约,丹麦
1115,1946/6/3,铁路购料借款合约,美国
1116,1946/6/14,处置租借法案物资协定,美国
1117,1946/6/28,关于租借法案第三节丙项协定,美国
1118,1946/7/16,购买发电机贷款合约,美国
1119,1946/8/5,购买轮船贷款合约,美国
1120,1946/8/26,采煤贷款合约,美国
1121,1946/8/26,铁路购料借款修正合约,美国
1122,1946/8/30,剩余物资购买合约,美国
1123,1946/9/26,通商暂行办法换文,加拿大
1124,1946/11/4,友好通商航海条约,美国
1125,1946/11/14,报务合同,沙特阿拉伯
1126,1946/11/15,友好条约,沙特阿拉伯
1127,1946/12/14,中越航空线临时办法换文,法国
1128,1946/12/20,空中运输协定,美国
1129,1947/2/10,友好条约,阿根廷
1130,1947/2/19,准许日本渔轮公海捕鱼办法,国际组织
1131,1947/4/1,取消葡萄牙在华领裁权换文,葡萄牙
1132,1947/4/18,友好条约,菲律宾
1133,1947/5/28,财政附协定,加拿大
1134,1947/6/28,修增中越航空临时办法换文,法国
1135,1947/7/1,直达无线电通话合同,美国
1136,1947/7/15,售购战时建造船舶合约,美国
1137,1947/7/15,售让船舶合约,美国
1138,1947/7/23,空中运输协定,英国
1139,1947/7/30,解决战争引起损害赔偿换文,意大利
1140,1947/7/30,处理在华义国官产义侨产业换文,意大利
1141,1947/9/3,美国武装部队驻扎中国领土换文,美国
1142,1947/9/22,处理剩余救济物资协定,美国
1143,1947/10/20,报务合同,法国
1144,1947/10/20,延展中越航空临时协定节略,法国
1145,1947/10/24,友好条约互换批准议定书,菲律宾
1146,1947/10/27,美国救济援助中国人民协定,美国
1147,1947/11/10,剩余战时财产出售资金协定,美国
1148,1947/12/6,空中运输协定,荷兰
1149,1947/12/8,关于转让海军船舰及装备协定,美国
1150,1947/12/23,让予海军船舰及装备协定,美国
1151,1947/12/26,报务合同,美国
1152,1947/12/26,使馆界资产义务清理协议书,各国
1153,1947/12/26,采煤借款修正合约,美国
1154,1948/1/10,铁路购料借款第二次修正合约,美国
1155,1948/1/12,长途电话合同,英国
1156,1948/3/4,中国海关与香港关务协定换文,英国
1157,1948/3/12,金融协定,葡萄牙
1158,1948/3/17,关务协定,葡萄牙
1159,1948/4/28,驻华美军引起赔偿问题换文,美国
1160,1948/4/30,购买发电机贷款第二次修正,美国
1161,1948/5/10,美国实施援华法案换文,美国
1162,1948/5/18,补充中越航空增辟昆明河内换文,法国
1163,1948/5/21,英国船舰转移及互放要求换文,英国
1164,1948/5/21,联合国儿童急救基金会协定,国际组织
1165,1948/7/1,棉花加工及棉品分配附协定,国际组织
1166,1948/7/3,关于附加援助条件之换文,美国
1167,1948/7/3,占领区西德及的港通商待遇换文,美国
1168,1948/7/26,关于经济援助之协定,美国
1169,1948/7/28,关于1948年经济援助协定换文,美国
1170,1948/8/5,解释1948年经济援助协定换文,美国
1171,1948/8/6,设立中国农村复兴委员会换文,美国
1172,1948/10/18,关于附加援助程序之换文,美国
1173,1948/11/18,海关与香港关税协定地图说明,英国
1174,1948/11/30,关于救济物资及包裹之换文,美国
1175,1948/1/1,友好通商航海条约批准议定书,美国
1176,1949/1/27,金融协定,英国
1177,1949/3/26,让售剩余物资修正合约,美国
1178,1949/4/22,修正1948年经济援助协定换文,美国
1179,1949/4/30,友好条约,意大利
1180,1949/5/31,修订航空临时办法换文,法国
1181,1949/6/27,延长哈阿线航空公司协定,苏联
1182,1949/8/25,展延及修正1948年协定换文,美国
